"Benchmark","Mode","Threads","Samples","Score","Score Error (99,9%)","Unit","Param: dataset","Param: stringManipulation"
"jv.microbenchmark.runners.runner.BasicSerialRunner.compute_df","thrpt",1,10,"0,218766","0,001142","ops/s",devel_100_000_id,foreach_java
"jv.microbenchmark.runners.runner.BasicSerialRunner.compute_df:·gc.alloc.rate","thrpt",1,10,"264,569910","1,476049","MB/sec",devel_100_000_id,foreach_java
"jv.microbenchmark.runners.runner.BasicSerialRunner.compute_df:·gc.alloc.rate.norm","thrpt",1,10,"1337393397,333334","294,709883","B/op",devel_100_000_id,foreach_java
"jv.microbenchmark.runners.runner.BasicSerialRunner.compute_df:·gc.churn.G1_Eden_Space","thrpt",1,10,"250,684643","1,370743","MB/sec",devel_100_000_id,foreach_java
"jv.microbenchmark.runners.runner.BasicSerialRunner.compute_df:·gc.churn.G1_Eden_Space.norm","thrpt",1,10,"1267204096,000000","373658,153967","B/op",devel_100_000_id,foreach_java
"jv.microbenchmark.runners.runner.BasicSerialRunner.compute_df:·gc.churn.G1_Old_Gen","thrpt",1,10,"1,452042","0,008101","MB/sec",devel_100_000_id,foreach_java
"jv.microbenchmark.runners.runner.BasicSerialRunner.compute_df:·gc.churn.G1_Old_Gen.norm","thrpt",1,10,"7340032,000000","0,000000","B/op",devel_100_000_id,foreach_java
"jv.microbenchmark.runners.runner.BasicSerialRunner.compute_df:·gc.count","thrpt",1,10,"30,000000",NaN,"counts",devel_100_000_id,foreach_java
"jv.microbenchmark.runners.runner.BasicSerialRunner.compute_df:·gc.time","thrpt",1,10,"1522,000000",NaN,"ms",devel_100_000_id,foreach_java
"jv.microbenchmark.runners.runner.BasicSerialRunner.compute_df","thrpt",1,10,"0,384997","0,005749","ops/s",devel_100_000_id,foreach_apache
"jv.microbenchmark.runners.runner.BasicSerialRunner.compute_df:·gc.alloc.rate","thrpt",1,10,"401,891734","5,940468","MB/sec",devel_100_000_id,foreach_apache
"jv.microbenchmark.runners.runner.BasicSerialRunner.compute_df:·gc.alloc.rate.norm","thrpt",1,10,"1173744992,800000","391,026044","B/op",devel_100_000_id,foreach_apache
"jv.microbenchmark.runners.runner.BasicSerialRunner.compute_df:·gc.churn.G1_Eden_Space","thrpt",1,10,"324,575346","4,778964","MB/sec",devel_100_000_id,foreach_apache
"jv.microbenchmark.runners.runner.BasicSerialRunner.compute_df:·gc.churn.G1_Eden_Space.norm","thrpt",1,10,"947938918,400000","125328,754893","B/op",devel_100_000_id,foreach_apache
"jv.microbenchmark.runners.runner.BasicSerialRunner.compute_df:·gc.churn.G1_Old_Gen","thrpt",1,10,"1,884927","0,027861","MB/sec",devel_100_000_id,foreach_apache
"jv.microbenchmark.runners.runner.BasicSerialRunner.compute_df:·gc.churn.G1_Old_Gen.norm","thrpt",1,10,"5505024,000000","0,000000","B/op",devel_100_000_id,foreach_apache
"jv.microbenchmark.runners.runner.BasicSerialRunner.compute_df:·gc.count","thrpt",1,10,"30,000000",NaN,"counts",devel_100_000_id,foreach_apache
"jv.microbenchmark.runners.runner.BasicSerialRunner.compute_df:·gc.time","thrpt",1,10,"1698,000000",NaN,"ms",devel_100_000_id,foreach_apache
"jv.microbenchmark.runners.runner.BasicSerialRunner.compute_df","thrpt",1,10,"0,055814","0,000245","ops/s",test_id,foreach_java
"jv.microbenchmark.runners.runner.BasicSerialRunner.compute_df:·gc.alloc.rate","thrpt",1,10,"263,835380","1,369459","MB/sec",test_id,foreach_java
"jv.microbenchmark.runners.runner.BasicSerialRunner.compute_df:·gc.alloc.rate.norm","thrpt",1,10,"5274164896,800000","4997010,402569","B/op",test_id,foreach_java
"jv.microbenchmark.runners.runner.BasicSerialRunner.compute_df:·gc.churn.G1_Eden_Space","thrpt",1,10,"250,777312","1,074110","MB/sec",test_id,foreach_java
"jv.microbenchmark.runners.runner.BasicSerialRunner.compute_df:·gc.churn.G1_Eden_Space.norm","thrpt",1,10,"5013136998,400000","501315,019571","B/op",test_id,foreach_java
"jv.microbenchmark.runners.runner.BasicSerialRunner.compute_df:·gc.churn.G1_Old_Gen","thrpt",1,10,"1,363804","0,005888","MB/sec",test_id,foreach_java
"jv.microbenchmark.runners.runner.BasicSerialRunner.compute_df:·gc.churn.G1_Old_Gen.norm","thrpt",1,10,"27262976,000000","0,000000","B/op",test_id,foreach_java
"jv.microbenchmark.runners.runner.BasicSerialRunner.compute_df:·gc.count","thrpt",1,10,"40,000000",NaN,"counts",test_id,foreach_java
"jv.microbenchmark.runners.runner.BasicSerialRunner.compute_df:·gc.time","thrpt",1,10,"2569,000000",NaN,"ms",test_id,foreach_java
"jv.microbenchmark.runners.runner.BasicSerialRunner.compute_df","thrpt",1,10,"0,089774","0,001857","ops/s",test_id,foreach_apache
"jv.microbenchmark.runners.runner.BasicSerialRunner.compute_df:·gc.alloc.rate","thrpt",1,10,"365,717677","7,313163","MB/sec",test_id,foreach_apache
"jv.microbenchmark.runners.runner.BasicSerialRunner.compute_df:·gc.alloc.rate.norm","thrpt",1,10,"4708309979,200000","4994815,972956","B/op",test_id,foreach_apache
"jv.microbenchmark.runners.runner.BasicSerialRunner.compute_df:·gc.churn.G1_Eden_Space","thrpt",1,10,"293,357192","5,535545","MB/sec",test_id,foreach_apache
"jv.microbenchmark.runners.runner.BasicSerialRunner.compute_df:·gc.churn.G1_Eden_Space.norm","thrpt",1,10,"3776761036,800000","668420,026094","B/op",test_id,foreach_apache
"jv.microbenchmark.runners.runner.BasicSerialRunner.compute_df:·gc.churn.G1_Old_Gen","thrpt",1,10,"2,117633","0,040114","MB/sec",test_id,foreach_apache
"jv.microbenchmark.runners.runner.BasicSerialRunner.compute_df:·gc.churn.G1_Old_Gen.norm","thrpt",1,10,"27262976,000000","0,000000","B/op",test_id,foreach_apache
"jv.microbenchmark.runners.runner.BasicSerialRunner.compute_df:·gc.count","thrpt",1,10,"30,000000",NaN,"counts",test_id,foreach_apache
"jv.microbenchmark.runners.runner.BasicSerialRunner.compute_df:·gc.time","thrpt",1,10,"1950,000000",NaN,"ms",test_id,foreach_apache
"jv.microbenchmark.runners.runner.BasicSerialRunner.compute_df","thrpt",1,10,"0,006158","0,000029","ops/s",train_id,foreach_java
"jv.microbenchmark.runners.runner.BasicSerialRunner.compute_df:·gc.alloc.rate","thrpt",1,10,"273,064157","1,310684","MB/sec",train_id,foreach_java
"jv.microbenchmark.runners.runner.BasicSerialRunner.compute_df:·gc.alloc.rate.norm","thrpt",1,10,"47390757200,800000","22727,028571","B/op",train_id,foreach_java
"jv.microbenchmark.runners.runner.BasicSerialRunner.compute_df:·gc.churn.G1_Eden_Space","thrpt",1,10,"267,871502","1,293047","MB/sec",train_id,foreach_java
"jv.microbenchmark.runners.runner.BasicSerialRunner.compute_df:·gc.churn.G1_Eden_Space.norm","thrpt",1,10,"46489560678,400000","3770060,788828","B/op",train_id,foreach_java
"jv.microbenchmark.runners.runner.BasicSerialRunner.compute_df:·gc.churn.G1_Old_Gen","thrpt",1,10,"0,217507","0,001044","MB/sec",train_id,foreach_java
"jv.microbenchmark.runners.runner.BasicSerialRunner.compute_df:·gc.churn.G1_Old_Gen.norm","thrpt",1,10,"37748736,000000","0,000000","B/op",train_id,foreach_java
"jv.microbenchmark.runners.runner.BasicSerialRunner.compute_df:·gc.churn.G1_Survivor_Space","thrpt",1,10,"0,747677","0,008591","MB/sec",train_id,foreach_java
"jv.microbenchmark.runners.runner.BasicSerialRunner.compute_df:·gc.churn.G1_Survivor_Space.norm","thrpt",1,10,"129761280,000000","1506264,173518","B/op",train_id,foreach_java
"jv.microbenchmark.runners.runner.BasicSerialRunner.compute_df:·gc.count","thrpt",1,10,"380,000000",NaN,"counts",train_id,foreach_java
"jv.microbenchmark.runners.runner.BasicSerialRunner.compute_df:·gc.time","thrpt",1,10,"32946,000000",NaN,"ms",train_id,foreach_java
"jv.microbenchmark.runners.runner.BasicSerialRunner.compute_df","thrpt",1,10,"0,009683","0,000068","ops/s",train_id,foreach_apache
"jv.microbenchmark.runners.runner.BasicSerialRunner.compute_df:·gc.alloc.rate","thrpt",1,10,"378,055080","2,557918","MB/sec",train_id,foreach_apache
"jv.microbenchmark.runners.runner.BasicSerialRunner.compute_df:·gc.alloc.rate.norm","thrpt",1,10,"42124869056,000000","20417,402802","B/op",train_id,foreach_apache
"jv.microbenchmark.runners.runner.BasicSerialRunner.compute_df:·gc.churn.G1_Eden_Space","thrpt",1,10,"372,173442","2,530515","MB/sec",train_id,foreach_apache
"jv.microbenchmark.runners.runner.BasicSerialRunner.compute_df:·gc.churn.G1_Eden_Space.norm","thrpt",1,10,"41469503078,400000","9249831,941220","B/op",train_id,foreach_apache
"jv.microbenchmark.runners.runner.BasicSerialRunner.compute_df:·gc.churn.G1_Old_Gen","thrpt",1,10,"0,338781","0,002292","MB/sec",train_id,foreach_apache
"jv.microbenchmark.runners.runner.BasicSerialRunner.compute_df:·gc.churn.G1_Old_Gen.norm","thrpt",1,10,"37748736,000000","0,000000","B/op",train_id,foreach_apache
"jv.microbenchmark.runners.runner.BasicSerialRunner.compute_df:·gc.churn.G1_Survivor_Space","thrpt",1,10,"1,162200","0,017383","MB/sec",train_id,foreach_apache
"jv.microbenchmark.runners.runner.BasicSerialRunner.compute_df:·gc.churn.G1_Survivor_Space.norm","thrpt",1,10,"129499136,000000","1868290,769836","B/op",train_id,foreach_apache
"jv.microbenchmark.runners.runner.BasicSerialRunner.compute_df:·gc.count","thrpt",1,10,"340,000000",NaN,"counts",train_id,foreach_apache
"jv.microbenchmark.runners.runner.BasicSerialRunner.compute_df:·gc.time","thrpt",1,10,"30621,000000",NaN,"ms",train_id,foreach_apache
"jv.microbenchmark.runners.runner.BasicSerialRunner.compute_tfidf","thrpt",1,10,"0,209675","0,000449","ops/s",devel_100_000_id,foreach_java
"jv.microbenchmark.runners.runner.BasicSerialRunner.compute_tfidf:·gc.alloc.rate","thrpt",1,10,"276,826251","0,547287","MB/sec",devel_100_000_id,foreach_java
"jv.microbenchmark.runners.runner.BasicSerialRunner.compute_tfidf:·gc.alloc.rate.norm","thrpt",1,10,"1456737074,666667","723,909933","B/op",devel_100_000_id,foreach_java
"jv.microbenchmark.runners.runner.BasicSerialRunner.compute_tfidf:·gc.churn.G1_Eden_Space","thrpt",1,10,"243,631862","0,481660","MB/sec",devel_100_000_id,foreach_java
"jv.microbenchmark.runners.runner.BasicSerialRunner.compute_tfidf:·gc.churn.G1_Eden_Space.norm","thrpt",1,10,"1282058922,666667","0,000000","B/op",devel_100_000_id,foreach_java
"jv.microbenchmark.runners.runner.BasicSerialRunner.compute_tfidf:·gc.churn.G1_Old_Gen","thrpt",1,10,"1,394839","0,002758","MB/sec",devel_100_000_id,foreach_java
"jv.microbenchmark.runners.runner.BasicSerialRunner.compute_tfidf:·gc.churn.G1_Old_Gen.norm","thrpt",1,10,"7340032,000000","0,000000","B/op",devel_100_000_id,foreach_java
"jv.microbenchmark.runners.runner.BasicSerialRunner.compute_tfidf:·gc.churn.G1_Survivor_Space","thrpt",1,10,"0,012544","0,022463","MB/sec",devel_100_000_id,foreach_java
"jv.microbenchmark.runners.runner.BasicSerialRunner.compute_tfidf:·gc.churn.G1_Survivor_Space.norm","thrpt",1,10,"66030,133333","118219,464596","B/op",devel_100_000_id,foreach_java
"jv.microbenchmark.runners.runner.BasicSerialRunner.compute_tfidf:·gc.count","thrpt",1,10,"30,000000",NaN,"counts",devel_100_000_id,foreach_java
"jv.microbenchmark.runners.runner.BasicSerialRunner.compute_tfidf:·gc.time","thrpt",1,10,"520,000000",NaN,"ms",devel_100_000_id,foreach_java
"jv.microbenchmark.runners.runner.BasicSerialRunner.compute_tfidf","thrpt",1,10,"0,368917","0,000545","ops/s",devel_100_000_id,foreach_apache
"jv.microbenchmark.runners.runner.BasicSerialRunner.compute_tfidf:·gc.alloc.rate","thrpt",1,10,"430,761380","0,636665","MB/sec",devel_100_000_id,foreach_apache
"jv.microbenchmark.runners.runner.BasicSerialRunner.compute_tfidf:·gc.alloc.rate.norm","thrpt",1,10,"1309095573,200000","610,408027","B/op",devel_100_000_id,foreach_apache
"jv.microbenchmark.runners.runner.BasicSerialRunner.compute_tfidf:·gc.churn.G1_Eden_Space","thrpt",1,10,"421,634874","0,623197","MB/sec",devel_100_000_id,foreach_apache
"jv.microbenchmark.runners.runner.BasicSerialRunner.compute_tfidf:·gc.churn.G1_Eden_Space.norm","thrpt",1,10,"1281359872,000000","0,000000","B/op",devel_100_000_id,foreach_apache
"jv.microbenchmark.runners.runner.BasicSerialRunner.compute_tfidf:·gc.churn.G1_Old_Gen","thrpt",1,10,"1,811443","0,002677","MB/sec",devel_100_000_id,foreach_apache
"jv.microbenchmark.runners.runner.BasicSerialRunner.compute_tfidf:·gc.churn.G1_Old_Gen.norm","thrpt",1,10,"5505024,000000","0,000000","B/op",devel_100_000_id,foreach_apache
"jv.microbenchmark.runners.runner.BasicSerialRunner.compute_tfidf:·gc.churn.G1_Survivor_Space","thrpt",1,10,"0,022849","0,027123","MB/sec",devel_100_000_id,foreach_apache
"jv.microbenchmark.runners.runner.BasicSerialRunner.compute_tfidf:·gc.churn.G1_Survivor_Space.norm","thrpt",1,10,"69453,800000","82429,222907","B/op",devel_100_000_id,foreach_apache
"jv.microbenchmark.runners.runner.BasicSerialRunner.compute_tfidf:·gc.count","thrpt",1,10,"40,000000",NaN,"counts",devel_100_000_id,foreach_apache
"jv.microbenchmark.runners.runner.BasicSerialRunner.compute_tfidf:·gc.time","thrpt",1,10,"687,000000",NaN,"ms",devel_100_000_id,foreach_apache
"jv.microbenchmark.runners.runner.BasicSerialRunner.compute_tfidf","thrpt",1,10,"0,054519","0,000703","ops/s",test_id,foreach_java
"jv.microbenchmark.runners.runner.BasicSerialRunner.compute_tfidf:·gc.alloc.rate","thrpt",1,10,"281,973861","3,473504","MB/sec",test_id,foreach_java
"jv.microbenchmark.runners.runner.BasicSerialRunner.compute_tfidf:·gc.alloc.rate.norm","thrpt",1,10,"5767764712,000000","6106,073714","B/op",test_id,foreach_java
"jv.microbenchmark.runners.runner.BasicSerialRunner.compute_tfidf:·gc.churn.G1_Eden_Space","thrpt",1,10,"248,690698","3,085179","MB/sec",test_id,foreach_java
"jv.microbenchmark.runners.runner.BasicSerialRunner.compute_tfidf:·gc.churn.G1_Eden_Space.norm","thrpt",1,10,"5086956748,800000","1069994,117467","B/op",test_id,foreach_java
"jv.microbenchmark.runners.runner.BasicSerialRunner.compute_tfidf:·gc.churn.G1_Old_Gen","thrpt",1,10,"1,332829","0,016418","MB/sec",test_id,foreach_java
"jv.microbenchmark.runners.runner.BasicSerialRunner.compute_tfidf:·gc.churn.G1_Old_Gen.norm","thrpt",1,10,"27262976,000000","0,000000","B/op",test_id,foreach_java
"jv.microbenchmark.runners.runner.BasicSerialRunner.compute_tfidf:·gc.churn.G1_Survivor_Space","thrpt",1,10,"0,022962","0,038156","MB/sec",test_id,foreach_java
"jv.microbenchmark.runners.runner.BasicSerialRunner.compute_tfidf:·gc.churn.G1_Survivor_Space.norm","thrpt",1,10,"471859,200000","788232,739308","B/op",test_id,foreach_java
"jv.microbenchmark.runners.runner.BasicSerialRunner.compute_tfidf:·gc.count","thrpt",1,10,"40,000000",NaN,"counts",test_id,foreach_java
"jv.microbenchmark.runners.runner.BasicSerialRunner.compute_tfidf:·gc.time","thrpt",1,10,"1457,000000",NaN,"ms",test_id,foreach_java
"jv.microbenchmark.runners.runner.BasicSerialRunner.compute_tfidf","thrpt",1,10,"0,085010","0,005950","ops/s",test_id,foreach_apache
"jv.microbenchmark.runners.runner.BasicSerialRunner.compute_tfidf:·gc.alloc.rate","thrpt",1,10,"384,916897","24,618000","MB/sec",test_id,foreach_apache
"jv.microbenchmark.runners.runner.BasicSerialRunner.compute_tfidf:·gc.alloc.rate.norm","thrpt",1,10,"5211541974,400000","119769,013470","B/op",test_id,foreach_apache
"jv.microbenchmark.runners.runner.BasicSerialRunner.compute_tfidf:·gc.churn.G1_Eden_Space","thrpt",1,10,"375,699312","24,012830","MB/sec",test_id,foreach_apache
"jv.microbenchmark.runners.runner.BasicSerialRunner.compute_tfidf:·gc.churn.G1_Eden_Space.norm","thrpt",1,10,"5086747033,600000","899888,000226","B/op",test_id,foreach_apache
"jv.microbenchmark.runners.runner.BasicSerialRunner.compute_tfidf:·gc.churn.G1_Old_Gen","thrpt",1,10,"2,013604","0,128797","MB/sec",test_id,foreach_apache
"jv.microbenchmark.runners.runner.BasicSerialRunner.compute_tfidf:·gc.churn.G1_Old_Gen.norm","thrpt",1,10,"27262976,000000","0,000000","B/op",test_id,foreach_apache
"jv.microbenchmark.runners.runner.BasicSerialRunner.compute_tfidf:·gc.churn.G1_Survivor_Space","thrpt",1,10,"0,046775","0,046959","MB/sec",test_id,foreach_apache
"jv.microbenchmark.runners.runner.BasicSerialRunner.compute_tfidf:·gc.churn.G1_Survivor_Space.norm","thrpt",1,10,"629145,600000","625249,682026","B/op",test_id,foreach_apache
"jv.microbenchmark.runners.runner.BasicSerialRunner.compute_tfidf:·gc.count","thrpt",1,10,"40,000000",NaN,"counts",test_id,foreach_apache
"jv.microbenchmark.runners.runner.BasicSerialRunner.compute_tfidf:·gc.time","thrpt",1,10,"1484,000000",NaN,"ms",test_id,foreach_apache
"jv.microbenchmark.runners.runner.BasicSerialRunner.compute_tfidf","thrpt",1,10,"0,005845","0,000076","ops/s",train_id,foreach_java
"jv.microbenchmark.runners.runner.BasicSerialRunner.compute_tfidf:·gc.alloc.rate","thrpt",1,10,"281,933069","3,639187","MB/sec",train_id,foreach_java
"jv.microbenchmark.runners.runner.BasicSerialRunner.compute_tfidf:·gc.alloc.rate.norm","thrpt",1,10,"51472572613,600000","22525,390153","B/op",train_id,foreach_java
"jv.microbenchmark.runners.runner.BasicSerialRunner.compute_tfidf:·gc.churn.G1_Eden_Space","thrpt",1,10,"279,886271","4,813358","MB/sec",train_id,foreach_java
"jv.microbenchmark.runners.runner.BasicSerialRunner.compute_tfidf:·gc.churn.G1_Eden_Space.norm","thrpt",1,10,"51098471628,800000","478861286,127899","B/op",train_id,foreach_java
"jv.microbenchmark.runners.runner.BasicSerialRunner.compute_tfidf:·gc.churn.G1_Old_Gen","thrpt",1,10,"0,206763","0,002669","MB/sec",train_id,foreach_java
"jv.microbenchmark.runners.runner.BasicSerialRunner.compute_tfidf:·gc.churn.G1_Old_Gen.norm","thrpt",1,10,"37748736,000000","0,000000","B/op",train_id,foreach_java
"jv.microbenchmark.runners.runner.BasicSerialRunner.compute_tfidf:·gc.churn.G1_Survivor_Space","thrpt",1,10,"0,522266","0,006726","MB/sec",train_id,foreach_java
"jv.microbenchmark.runners.runner.BasicSerialRunner.compute_tfidf:·gc.churn.G1_Survivor_Space.norm","thrpt",1,10,"95350275,200000","19934,152618","B/op",train_id,foreach_java
"jv.microbenchmark.runners.runner.BasicSerialRunner.compute_tfidf:·gc.count","thrpt",1,10,"400,000000",NaN,"counts",train_id,foreach_java
"jv.microbenchmark.runners.runner.BasicSerialRunner.compute_tfidf:·gc.time","thrpt",1,10,"8802,000000",NaN,"ms",train_id,foreach_java
"jv.microbenchmark.runners.runner.BasicSerialRunner.compute_tfidf","thrpt",1,10,"0,009369","0,000057","ops/s",train_id,foreach_apache
"jv.microbenchmark.runners.runner.BasicSerialRunner.compute_tfidf:·gc.alloc.rate","thrpt",1,10,"402,693991","2,561244","MB/sec",train_id,foreach_apache
"jv.microbenchmark.runners.runner.BasicSerialRunner.compute_tfidf:·gc.alloc.rate.norm","thrpt",1,10,"46379489917,600000","26614,601011","B/op",train_id,foreach_apache
"jv.microbenchmark.runners.runner.BasicSerialRunner.compute_tfidf:·gc.churn.G1_Eden_Space","thrpt",1,10,"398,777248","4,437821","MB/sec",train_id,foreach_apache
"jv.microbenchmark.runners.runner.BasicSerialRunner.compute_tfidf:·gc.churn.G1_Eden_Space.norm","thrpt",1,10,"45928362803,200000","412996938,777872","B/op",train_id,foreach_apache
"jv.microbenchmark.runners.runner.BasicSerialRunner.compute_tfidf:·gc.churn.G1_Old_Gen","thrpt",1,10,"0,327757","0,002085","MB/sec",train_id,foreach_apache
"jv.microbenchmark.runners.runner.BasicSerialRunner.compute_tfidf:·gc.churn.G1_Old_Gen.norm","thrpt",1,10,"37748736,000000","0,000000","B/op",train_id,foreach_apache
"jv.microbenchmark.runners.runner.BasicSerialRunner.compute_tfidf:·gc.churn.G1_Survivor_Space","thrpt",1,10,"0,828197","0,005126","MB/sec",train_id,foreach_apache
"jv.microbenchmark.runners.runner.BasicSerialRunner.compute_tfidf:·gc.churn.G1_Survivor_Space.norm","thrpt",1,10,"95386049,600000","98333,236629","B/op",train_id,foreach_apache
"jv.microbenchmark.runners.runner.BasicSerialRunner.compute_tfidf:·gc.count","thrpt",1,10,"361,000000",NaN,"counts",train_id,foreach_apache
"jv.microbenchmark.runners.runner.BasicSerialRunner.compute_tfidf:·gc.time","thrpt",1,10,"8260,000000",NaN,"ms",train_id,foreach_apache
"jv.microbenchmark.runners.runner.ThreadConcurrentRunner.compute_df","thrpt",1,10,"0,677804","0,003475","ops/s",devel_100_000_id,foreach_java
"jv.microbenchmark.runners.runner.ThreadConcurrentRunner.compute_df:·gc.alloc.rate","thrpt",1,10,"43,891746","0,223635","MB/sec",devel_100_000_id,foreach_java
"jv.microbenchmark.runners.runner.ThreadConcurrentRunner.compute_df:·gc.alloc.rate.norm","thrpt",1,10,"72905339,542857","2227,195189","B/op",devel_100_000_id,foreach_java
"jv.microbenchmark.runners.runner.ThreadConcurrentRunner.compute_df:·gc.churn.G1_Eden_Space","thrpt",1,10,"735,795257","3,737522","MB/sec",devel_100_000_id,foreach_java
"jv.microbenchmark.runners.runner.ThreadConcurrentRunner.compute_df:·gc.churn.G1_Eden_Space.norm","thrpt",1,10,"1222175246,628572","291396,650828","B/op",devel_100_000_id,foreach_java
"jv.microbenchmark.runners.runner.ThreadConcurrentRunner.compute_df:·gc.churn.G1_Old_Gen","thrpt",1,10,"1,893846","0,009629","MB/sec",devel_100_000_id,foreach_java
"jv.microbenchmark.runners.runner.ThreadConcurrentRunner.compute_df:·gc.churn.G1_Old_Gen.norm","thrpt",1,10,"3145728,000000","0,000000","B/op",devel_100_000_id,foreach_java
"jv.microbenchmark.runners.runner.ThreadConcurrentRunner.compute_df:·gc.churn.G1_Survivor_Space","thrpt",1,10,"0,315667","0,064683","MB/sec",devel_100_000_id,foreach_java
"jv.microbenchmark.runners.runner.ThreadConcurrentRunner.compute_df:·gc.churn.G1_Survivor_Space.norm","thrpt",1,10,"524288,000000","106759,472562","B/op",devel_100_000_id,foreach_java
"jv.microbenchmark.runners.runner.ThreadConcurrentRunner.compute_df:·gc.count","thrpt",1,10,"70,000000",NaN,"counts",devel_100_000_id,foreach_java
"jv.microbenchmark.runners.runner.ThreadConcurrentRunner.compute_df:·gc.time","thrpt",1,10,"6648,000000",NaN,"ms",devel_100_000_id,foreach_java
"jv.microbenchmark.runners.runner.ThreadConcurrentRunner.compute_df","thrpt",1,10,"0,968729","0,005329","ops/s",devel_100_000_id,foreach_apache
"jv.microbenchmark.runners.runner.ThreadConcurrentRunner.compute_df:·gc.alloc.rate","thrpt",1,10,"61,185889","0,308693","MB/sec",devel_100_000_id,foreach_apache
"jv.microbenchmark.runners.runner.ThreadConcurrentRunner.compute_df:·gc.alloc.rate.norm","thrpt",1,10,"71079199,600000","4336,532005","B/op",devel_100_000_id,foreach_apache
"jv.microbenchmark.runners.runner.ThreadConcurrentRunner.compute_df:·gc.churn.G1_Eden_Space","thrpt",1,10,"935,654954","4,776532","MB/sec",devel_100_000_id,foreach_apache
"jv.microbenchmark.runners.runner.ThreadConcurrentRunner.compute_df:·gc.churn.G1_Eden_Space.norm","thrpt",1,10,"1086943395,840000","241580,905493","B/op",devel_100_000_id,foreach_apache
"jv.microbenchmark.runners.runner.ThreadConcurrentRunner.compute_df:·gc.churn.G1_Old_Gen","thrpt",1,10,"1,895518","0,009581","MB/sec",devel_100_000_id,foreach_apache
"jv.microbenchmark.runners.runner.ThreadConcurrentRunner.compute_df:·gc.churn.G1_Old_Gen.norm","thrpt",1,10,"2202009,600000","0,000000","B/op",devel_100_000_id,foreach_apache
"jv.microbenchmark.runners.runner.ThreadConcurrentRunner.compute_df:·gc.churn.G1_Survivor_Space","thrpt",1,10,"1,272834","0,082830","MB/sec",devel_100_000_id,foreach_apache
"jv.microbenchmark.runners.runner.ThreadConcurrentRunner.compute_df:·gc.churn.G1_Survivor_Space.norm","thrpt",1,10,"1478492,160000","89988,800023","B/op",devel_100_000_id,foreach_apache
"jv.microbenchmark.runners.runner.ThreadConcurrentRunner.compute_df:·gc.count","thrpt",1,10,"90,000000",NaN,"counts",devel_100_000_id,foreach_apache
"jv.microbenchmark.runners.runner.ThreadConcurrentRunner.compute_df:·gc.time","thrpt",1,10,"10221,000000",NaN,"ms",devel_100_000_id,foreach_apache
"jv.microbenchmark.runners.runner.ThreadConcurrentRunner.compute_df","thrpt",1,10,"0,172623","0,000531","ops/s",test_id,foreach_java
"jv.microbenchmark.runners.runner.ThreadConcurrentRunner.compute_df:·gc.alloc.rate","thrpt",1,10,"45,191652","0,117941","MB/sec",test_id,foreach_java
"jv.microbenchmark.runners.runner.ThreadConcurrentRunner.compute_df:·gc.alloc.rate.norm","thrpt",1,10,"301387367,200000","20093,064051","B/op",test_id,foreach_java
"jv.microbenchmark.runners.runner.ThreadConcurrentRunner.compute_df:·gc.churn.G1_Eden_Space","thrpt",1,10,"733,080879","1,855016","MB/sec",test_id,foreach_java
"jv.microbenchmark.runners.runner.ThreadConcurrentRunner.compute_df:·gc.churn.G1_Eden_Space.norm","thrpt",1,10,"4888985600,000000","1056864,858063","B/op",test_id,foreach_java
"jv.microbenchmark.runners.runner.ThreadConcurrentRunner.compute_df:·gc.churn.G1_Old_Gen","thrpt",1,10,"2,043979","0,005358","MB/sec",test_id,foreach_java
"jv.microbenchmark.runners.runner.ThreadConcurrentRunner.compute_df:·gc.churn.G1_Old_Gen.norm","thrpt",1,10,"13631488,000000","0,000000","B/op",test_id,foreach_java
"jv.microbenchmark.runners.runner.ThreadConcurrentRunner.compute_df:·gc.churn.G1_Survivor_Space","thrpt",1,10,"0,715376","0,067009","MB/sec",test_id,foreach_java
"jv.microbenchmark.runners.runner.ThreadConcurrentRunner.compute_df:·gc.churn.G1_Survivor_Space.norm","thrpt",1,10,"4771020,800000","449944,000113","B/op",test_id,foreach_java
"jv.microbenchmark.runners.runner.ThreadConcurrentRunner.compute_df:·gc.count","thrpt",1,10,"80,000000",NaN,"counts",test_id,foreach_java
"jv.microbenchmark.runners.runner.ThreadConcurrentRunner.compute_df:·gc.time","thrpt",1,10,"7072,000000",NaN,"ms",test_id,foreach_java
"jv.microbenchmark.runners.runner.ThreadConcurrentRunner.compute_df","thrpt",1,10,"0,250899","0,002787","ops/s",test_id,foreach_apache
"jv.microbenchmark.runners.runner.ThreadConcurrentRunner.compute_df:·gc.alloc.rate","thrpt",1,10,"62,454148","0,677074","MB/sec",test_id,foreach_apache
"jv.microbenchmark.runners.runner.ThreadConcurrentRunner.compute_df:·gc.alloc.rate.norm","thrpt",1,10,"286147741,600000","12828,942680","B/op",test_id,foreach_apache
"jv.microbenchmark.runners.runner.ThreadConcurrentRunner.compute_df:·gc.churn.G1_Eden_Space","thrpt",1,10,"971,246615","10,696578","MB/sec",test_id,foreach_apache
"jv.microbenchmark.runners.runner.ThreadConcurrentRunner.compute_df:·gc.churn.G1_Eden_Space.norm","thrpt",1,10,"4449981781,333333","1004176,115679","B/op",test_id,foreach_apache
"jv.microbenchmark.runners.runner.ThreadConcurrentRunner.compute_df:·gc.churn.G1_Old_Gen","thrpt",1,10,"1,983458","0,021496","MB/sec",test_id,foreach_apache
"jv.microbenchmark.runners.runner.ThreadConcurrentRunner.compute_df:·gc.churn.G1_Old_Gen.norm","thrpt",1,10,"9087658,666667","0,000000","B/op",test_id,foreach_apache
"jv.microbenchmark.runners.runner.ThreadConcurrentRunner.compute_df:·gc.churn.G1_Survivor_Space","thrpt",1,10,"2,364878","0,064919","MB/sec",test_id,foreach_apache
"jv.microbenchmark.runners.runner.ThreadConcurrentRunner.compute_df:·gc.churn.G1_Survivor_Space.norm","thrpt",1,10,"10835285,333333","278508,344206","B/op",test_id,foreach_apache
"jv.microbenchmark.runners.runner.ThreadConcurrentRunner.compute_df:·gc.count","thrpt",1,10,"110,000000",NaN,"counts",test_id,foreach_apache
"jv.microbenchmark.runners.runner.ThreadConcurrentRunner.compute_df:·gc.time","thrpt",1,10,"11052,000000",NaN,"ms",test_id,foreach_apache
"jv.microbenchmark.runners.runner.ThreadConcurrentRunner.compute_df","thrpt",1,10,"0,018173","0,000141","ops/s",train_id,foreach_java
"jv.microbenchmark.runners.runner.ThreadConcurrentRunner.compute_df:·gc.alloc.rate","thrpt",1,10,"41,865051","0,356285","MB/sec",train_id,foreach_java
"jv.microbenchmark.runners.runner.ThreadConcurrentRunner.compute_df:·gc.alloc.rate.norm","thrpt",1,10,"2550812964,000000","23313,083080","B/op",train_id,foreach_java
"jv.microbenchmark.runners.runner.ThreadConcurrentRunner.compute_df:·gc.churn.G1_Eden_Space","thrpt",1,10,"762,698385","6,364613","MB/sec",train_id,foreach_java
"jv.microbenchmark.runners.runner.ThreadConcurrentRunner.compute_df:·gc.churn.G1_Eden_Space.norm","thrpt",1,10,"46470791168,000000","16975763,272322","B/op",train_id,foreach_java
"jv.microbenchmark.runners.runner.ThreadConcurrentRunner.compute_df:·gc.churn.G1_Old_Gen","thrpt",1,10,"0,619549","0,005277","MB/sec",train_id,foreach_java
"jv.microbenchmark.runners.runner.ThreadConcurrentRunner.compute_df:·gc.churn.G1_Old_Gen.norm","thrpt",1,10,"37748736,000000","0,000000","B/op",train_id,foreach_java
"jv.microbenchmark.runners.runner.ThreadConcurrentRunner.compute_df:·gc.churn.G1_Survivor_Space","thrpt",1,10,"2,406748","0,031508","MB/sec",train_id,foreach_java
"jv.microbenchmark.runners.runner.ThreadConcurrentRunner.compute_df:·gc.churn.G1_Survivor_Space.norm","thrpt",1,10,"146643353,600000","1832449,455081","B/op",train_id,foreach_java
"jv.microbenchmark.runners.runner.ThreadConcurrentRunner.compute_df:·gc.count","thrpt",1,10,"390,000000",NaN,"counts",train_id,foreach_java
"jv.microbenchmark.runners.runner.ThreadConcurrentRunner.compute_df:·gc.time","thrpt",1,10,"39855,000000",NaN,"ms",train_id,foreach_java
"jv.microbenchmark.runners.runner.ThreadConcurrentRunner.compute_df","thrpt",1,10,"0,025318","0,000088","ops/s",train_id,foreach_apache
"jv.microbenchmark.runners.runner.ThreadConcurrentRunner.compute_df:·gc.alloc.rate","thrpt",1,10,"57,220096","0,216047","MB/sec",train_id,foreach_apache
"jv.microbenchmark.runners.runner.ThreadConcurrentRunner.compute_df:·gc.alloc.rate.norm","thrpt",1,10,"2550726866,400000","22308,919003","B/op",train_id,foreach_apache
"jv.microbenchmark.runners.runner.ThreadConcurrentRunner.compute_df:·gc.churn.G1_Eden_Space","thrpt",1,10,"934,899094","3,398132","MB/sec",train_id,foreach_apache
"jv.microbenchmark.runners.runner.ThreadConcurrentRunner.compute_df:·gc.churn.G1_Eden_Space.norm","thrpt",1,10,"41675443404,800000","23499503,600427","B/op",train_id,foreach_apache
"jv.microbenchmark.runners.runner.ThreadConcurrentRunner.compute_df:·gc.churn.G1_Old_Gen","thrpt",1,10,"0,846812","0,003202","MB/sec",train_id,foreach_apache
"jv.microbenchmark.runners.runner.ThreadConcurrentRunner.compute_df:·gc.churn.G1_Old_Gen.norm","thrpt",1,10,"37748736,000000","0,000000","B/op",train_id,foreach_apache
"jv.microbenchmark.runners.runner.ThreadConcurrentRunner.compute_df:·gc.churn.G1_Survivor_Space","thrpt",1,10,"3,294327","0,036403","MB/sec",train_id,foreach_apache
"jv.microbenchmark.runners.runner.ThreadConcurrentRunner.compute_df:·gc.churn.G1_Survivor_Space.norm","thrpt",1,10,"146853068,800000","1604991,176201","B/op",train_id,foreach_apache
"jv.microbenchmark.runners.runner.ThreadConcurrentRunner.compute_df:·gc.count","thrpt",1,10,"350,000000",NaN,"counts",train_id,foreach_apache
"jv.microbenchmark.runners.runner.ThreadConcurrentRunner.compute_df:·gc.time","thrpt",1,10,"36772,000000",NaN,"ms",train_id,foreach_apache
"jv.microbenchmark.runners.runner.ThreadConcurrentRunner.compute_tfidf","thrpt",1,10,"0,715006","0,002726","ops/s",devel_100_000_id,foreach_java
"jv.microbenchmark.runners.runner.ThreadConcurrentRunner.compute_tfidf:·gc.alloc.rate","thrpt",1,10,"42,242289","0,153064","MB/sec",devel_100_000_id,foreach_java
"jv.microbenchmark.runners.runner.ThreadConcurrentRunner.compute_tfidf:·gc.alloc.rate.norm","thrpt",1,10,"66074427,100000","11438,455350","B/op",devel_100_000_id,foreach_java
"jv.microbenchmark.runners.runner.ThreadConcurrentRunner.compute_tfidf:·gc.churn.G1_Eden_Space","thrpt",1,10,"920,299411","3,356015","MB/sec",devel_100_000_id,foreach_java
"jv.microbenchmark.runners.runner.ThreadConcurrentRunner.compute_tfidf:·gc.churn.G1_Eden_Space.norm","thrpt",1,10,"1439511347,200000","387417,019797","B/op",devel_100_000_id,foreach_java
"jv.microbenchmark.runners.runner.ThreadConcurrentRunner.compute_tfidf:·gc.churn.G1_Old_Gen","thrpt",1,10,"1,759719","0,006309","MB/sec",devel_100_000_id,foreach_java
"jv.microbenchmark.runners.runner.ThreadConcurrentRunner.compute_tfidf:·gc.churn.G1_Old_Gen.norm","thrpt",1,10,"2752512,000000","0,000000","B/op",devel_100_000_id,foreach_java
"jv.microbenchmark.runners.runner.ThreadConcurrentRunner.compute_tfidf:·gc.churn.G1_Survivor_Space","thrpt",1,10,"0,084129","0,065830","MB/sec",devel_100_000_id,foreach_java
"jv.microbenchmark.runners.runner.ThreadConcurrentRunner.compute_tfidf:·gc.churn.G1_Survivor_Space.norm","thrpt",1,10,"131642,700000","103397,802486","B/op",devel_100_000_id,foreach_java
"jv.microbenchmark.runners.runner.ThreadConcurrentRunner.compute_tfidf:·gc.count","thrpt",1,10,"90,000000",NaN,"counts",devel_100_000_id,foreach_java
"jv.microbenchmark.runners.runner.ThreadConcurrentRunner.compute_tfidf:·gc.time","thrpt",1,10,"1029,000000",NaN,"ms",devel_100_000_id,foreach_java
"jv.microbenchmark.runners.runner.ThreadConcurrentRunner.compute_tfidf","thrpt",1,10,"1,163953","0,005427","ops/s",devel_100_000_id,foreach_apache
"jv.microbenchmark.runners.runner.ThreadConcurrentRunner.compute_tfidf:·gc.alloc.rate","thrpt",1,10,"65,529770","0,269488","MB/sec",devel_100_000_id,foreach_apache
"jv.microbenchmark.runners.runner.ThreadConcurrentRunner.compute_tfidf:·gc.alloc.rate.norm","thrpt",1,10,"63332522,666667","28289,587246","B/op",devel_100_000_id,foreach_apache
"jv.microbenchmark.runners.runner.ThreadConcurrentRunner.compute_tfidf:·gc.churn.G1_Eden_Space","thrpt",1,10,"1323,627678","5,733766","MB/sec",devel_100_000_id,foreach_apache
"jv.microbenchmark.runners.runner.ThreadConcurrentRunner.compute_tfidf:·gc.churn.G1_Eden_Space.norm","thrpt",1,10,"1279245243,733333","162396,875738","B/op",devel_100_000_id,foreach_apache
"jv.microbenchmark.runners.runner.ThreadConcurrentRunner.compute_tfidf:·gc.churn.G1_Old_Gen","thrpt",1,10,"1,898672","0,008280","MB/sec",devel_100_000_id,foreach_apache
"jv.microbenchmark.runners.runner.ThreadConcurrentRunner.compute_tfidf:·gc.churn.G1_Old_Gen.norm","thrpt",1,10,"1835008,000000","0,000000","B/op",devel_100_000_id,foreach_apache
"jv.microbenchmark.runners.runner.ThreadConcurrentRunner.compute_tfidf:·gc.churn.G1_Survivor_Space","thrpt",1,10,"0,124469","0,062146","MB/sec",devel_100_000_id,foreach_apache
"jv.microbenchmark.runners.runner.ThreadConcurrentRunner.compute_tfidf:·gc.churn.G1_Survivor_Space.norm","thrpt",1,10,"120265,066667","59834,649012","B/op",devel_100_000_id,foreach_apache
"jv.microbenchmark.runners.runner.ThreadConcurrentRunner.compute_tfidf:·gc.count","thrpt",1,10,"120,000000",NaN,"counts",devel_100_000_id,foreach_apache
"jv.microbenchmark.runners.runner.ThreadConcurrentRunner.compute_tfidf:·gc.time","thrpt",1,10,"1484,000000",NaN,"ms",devel_100_000_id,foreach_apache
"jv.microbenchmark.runners.runner.ThreadConcurrentRunner.compute_tfidf","thrpt",1,10,"0,178627","0,000525","ops/s",test_id,foreach_java
"jv.microbenchmark.runners.runner.ThreadConcurrentRunner.compute_tfidf:·gc.alloc.rate","thrpt",1,10,"44,002544","0,126856","MB/sec",test_id,foreach_java
"jv.microbenchmark.runners.runner.ThreadConcurrentRunner.compute_tfidf:·gc.alloc.rate.norm","thrpt",1,10,"284772756,000000","66218,353222","B/op",test_id,foreach_java
"jv.microbenchmark.runners.runner.ThreadConcurrentRunner.compute_tfidf:·gc.churn.G1_Eden_Space","thrpt",1,10,"881,750556","2,474851","MB/sec",test_id,foreach_java
"jv.microbenchmark.runners.runner.ThreadConcurrentRunner.compute_tfidf:·gc.churn.G1_Eden_Space.norm","thrpt",1,10,"5706455449,600000","1108449,214457","B/op",test_id,foreach_java
"jv.microbenchmark.runners.runner.ThreadConcurrentRunner.compute_tfidf:·gc.churn.G1_Old_Gen","thrpt",1,10,"2,106311","0,005723","MB/sec",test_id,foreach_java
"jv.microbenchmark.runners.runner.ThreadConcurrentRunner.compute_tfidf:·gc.churn.G1_Old_Gen.norm","thrpt",1,10,"13631488,000000","0,000000","B/op",test_id,foreach_java
"jv.microbenchmark.runners.runner.ThreadConcurrentRunner.compute_tfidf:·gc.churn.G1_Survivor_Space","thrpt",1,10,"0,076961","0,045193","MB/sec",test_id,foreach_java
"jv.microbenchmark.runners.runner.ThreadConcurrentRunner.compute_tfidf:·gc.churn.G1_Survivor_Space.norm","thrpt",1,10,"498073,600000","292433,761416","B/op",test_id,foreach_java
"jv.microbenchmark.runners.runner.ThreadConcurrentRunner.compute_tfidf:·gc.count","thrpt",1,10,"90,000000",NaN,"counts",test_id,foreach_java
"jv.microbenchmark.runners.runner.ThreadConcurrentRunner.compute_tfidf:·gc.time","thrpt",1,10,"2502,000000",NaN,"ms",test_id,foreach_java
"jv.microbenchmark.runners.runner.ThreadConcurrentRunner.compute_tfidf","thrpt",1,10,"0,261673","0,001183","ops/s",test_id,foreach_apache
"jv.microbenchmark.runners.runner.ThreadConcurrentRunner.compute_tfidf:·gc.alloc.rate","thrpt",1,10,"60,571683","0,249151","MB/sec",test_id,foreach_apache
"jv.microbenchmark.runners.runner.ThreadConcurrentRunner.compute_tfidf:·gc.alloc.rate.norm","thrpt",1,10,"266701838,133333","117743,751772","B/op",test_id,foreach_apache
"jv.microbenchmark.runners.runner.ThreadConcurrentRunner.compute_tfidf:·gc.churn.G1_Eden_Space","thrpt",1,10,"1151,222260","4,720162","MB/sec",test_id,foreach_apache
"jv.microbenchmark.runners.runner.ThreadConcurrentRunner.compute_tfidf:·gc.churn.G1_Eden_Space.norm","thrpt",1,10,"5068921241,600000","1028597,339043","B/op",test_id,foreach_apache
"jv.microbenchmark.runners.runner.ThreadConcurrentRunner.compute_tfidf:·gc.churn.G1_Old_Gen","thrpt",1,10,"2,063934","0,008644","MB/sec",test_id,foreach_apache
"jv.microbenchmark.runners.runner.ThreadConcurrentRunner.compute_tfidf:·gc.churn.G1_Old_Gen.norm","thrpt",1,10,"9087658,666667","0,000000","B/op",test_id,foreach_apache
"jv.microbenchmark.runners.runner.ThreadConcurrentRunner.compute_tfidf:·gc.churn.G1_Survivor_Space","thrpt",1,10,"0,087342","0,055285","MB/sec",test_id,foreach_apache
"jv.microbenchmark.runners.runner.ThreadConcurrentRunner.compute_tfidf:·gc.churn.G1_Survivor_Space.norm","thrpt",1,10,"384477,866667","242797,945465","B/op",test_id,foreach_apache
"jv.microbenchmark.runners.runner.ThreadConcurrentRunner.compute_tfidf:·gc.count","thrpt",1,10,"120,000000",NaN,"counts",test_id,foreach_apache
"jv.microbenchmark.runners.runner.ThreadConcurrentRunner.compute_tfidf:·gc.time","thrpt",1,10,"3442,000000",NaN,"ms",test_id,foreach_apache
"jv.microbenchmark.runners.runner.ThreadConcurrentRunner.compute_tfidf","thrpt",1,10,"0,019086","0,000041","ops/s",train_id,foreach_java
"jv.microbenchmark.runners.runner.ThreadConcurrentRunner.compute_tfidf:·gc.alloc.rate","thrpt",1,10,"43,059205","0,092639","MB/sec",train_id,foreach_java
"jv.microbenchmark.runners.runner.ThreadConcurrentRunner.compute_tfidf:·gc.alloc.rate.norm","thrpt",1,10,"2514023880,000000","416058,462072","B/op",train_id,foreach_java
"jv.microbenchmark.runners.runner.ThreadConcurrentRunner.compute_tfidf:·gc.churn.G1_Eden_Space","thrpt",1,10,"878,157516","9,554366","MB/sec",train_id,foreach_java
"jv.microbenchmark.runners.runner.ThreadConcurrentRunner.compute_tfidf:·gc.churn.G1_Eden_Space.norm","thrpt",1,10,"51271381811,200000","523880884,939069","B/op",train_id,foreach_java
"jv.microbenchmark.runners.runner.ThreadConcurrentRunner.compute_tfidf:·gc.churn.G1_Old_Gen","thrpt",1,10,"0,100072","0,160190","MB/sec",train_id,foreach_java
"jv.microbenchmark.runners.runner.ThreadConcurrentRunner.compute_tfidf:·gc.churn.G1_Old_Gen.norm","thrpt",1,10,"5844121,600000","9355564,814128","B/op",train_id,foreach_java
"jv.microbenchmark.runners.runner.ThreadConcurrentRunner.compute_tfidf:·gc.churn.G1_Survivor_Space","thrpt",1,10,"0,380788","0,179215","MB/sec",train_id,foreach_java
"jv.microbenchmark.runners.runner.ThreadConcurrentRunner.compute_tfidf:·gc.churn.G1_Survivor_Space.norm","thrpt",1,10,"22230991,200000","10455415,660101","B/op",train_id,foreach_java
"jv.microbenchmark.runners.runner.ThreadConcurrentRunner.compute_tfidf:·gc.count","thrpt",1,10,"459,000000",NaN,"counts",train_id,foreach_java
"jv.microbenchmark.runners.runner.ThreadConcurrentRunner.compute_tfidf:·gc.time","thrpt",1,10,"6846,000000",NaN,"ms",train_id,foreach_java
"jv.microbenchmark.runners.runner.ThreadConcurrentRunner.compute_tfidf","thrpt",1,10,"0,030097","0,000193","ops/s",train_id,foreach_apache
"jv.microbenchmark.runners.runner.ThreadConcurrentRunner.compute_tfidf:·gc.alloc.rate","thrpt",1,10,"65,133184","0,281278","MB/sec",train_id,foreach_apache
"jv.microbenchmark.runners.runner.ThreadConcurrentRunner.compute_tfidf:·gc.alloc.rate.norm","thrpt",1,10,"2488269174,400000","951813,090292","B/op",train_id,foreach_apache
"jv.microbenchmark.runners.runner.ThreadConcurrentRunner.compute_tfidf:·gc.churn.G1_Eden_Space","thrpt",1,10,"1207,672296","15,906917","MB/sec",train_id,foreach_apache
"jv.microbenchmark.runners.runner.ThreadConcurrentRunner.compute_tfidf:·gc.churn.G1_Eden_Space.norm","thrpt",1,10,"46136295424,000000","542801202,280004","B/op",train_id,foreach_apache
"jv.microbenchmark.runners.runner.ThreadConcurrentRunner.compute_tfidf:·gc.churn.G1_Old_Gen","thrpt",1,10,"0,158529","0,477200","MB/sec",train_id,foreach_apache
"jv.microbenchmark.runners.runner.ThreadConcurrentRunner.compute_tfidf:·gc.churn.G1_Old_Gen.norm","thrpt",1,10,"6073497,600000","18311828,727427","B/op",train_id,foreach_apache
"jv.microbenchmark.runners.runner.ThreadConcurrentRunner.compute_tfidf:·gc.churn.G1_Survivor_Space","thrpt",1,10,"0,874288","0,880411","MB/sec",train_id,foreach_apache
"jv.microbenchmark.runners.runner.ThreadConcurrentRunner.compute_tfidf:·gc.churn.G1_Survivor_Space.norm","thrpt",1,10,"33434936,800000","33862152,783032","B/op",train_id,foreach_apache
"jv.microbenchmark.runners.runner.ThreadConcurrentRunner.compute_tfidf:·gc.count","thrpt",1,10,"409,000000",NaN,"counts",train_id,foreach_apache
"jv.microbenchmark.runners.runner.ThreadConcurrentRunner.compute_tfidf:·gc.time","thrpt",1,10,"6665,000000",NaN,"ms",train_id,foreach_apache
